c,stop criterion,bags,noise,classifier,accuracy,precision,recall,f1 score,learnT,testT 
8.0,0.01,10,0.2,AdaBoostClassifier,0.627705627706,0.638655462185,0.638655462185,0.638655462185,0.283999919891,0.0210001468658
8.0,0.01,10,0.2,BrownBoostClassifier,0.649350649351,0.655737704918,0.672268907563,0.663900414938,50.1700000763,2.42899990082
